{"cameraMode":{"drawMode":0,"name":"Shaded","section":"Shading Mode"},"sceneLighting":true,"audioPlay":false,"sceneViewState":{"showFog":true,"showMaterialUpdate":true,"showSkybox":true,"showFlares":true,"showImageEffects":true,"showParticleSystems":true},"in2DMode":false,"pivot":{"x":0.20847147703170777,"y":2.174089193344116,"z":-2.6058101654052736},"rotation":{"x":0.0029980374965816738,"y":-0.035992249846458438,"z":0.00010797531285788864,"w":0.9993478059768677},"size":15.814624786376954,"orthographic":false}