{"cameraMode":{"drawMode":0,"name":"Shaded","section":"Shading Mode"},"sceneLighting":true,"audioPlay":false,"sceneViewState":{"showFog":true,"showMaterialUpdate":true,"showSkybox":true,"showFlares":true,"showImageEffects":true,"showParticleSystems":true},"in2DMode":false,"pivot":{"x":-0.35151422023773196,"y":-2.2865488529205324,"z":1.0147418975830079},"rotation":{"x":-0.0014995021047070623,"y":-0.025497358292341234,"z":-0.00003835101597360335,"w":0.9996756911277771},"size":18.146785736083986,"orthographic":false}